REF_DATE,province,Immigrants,Net emigration,Net non-permanent residents
1946,Alberta,5771.0,,
1946,British Columbia,8619.0,,
1946,Manitoba,4615.0,,
1946,New Brunswick,3465.0,,
1946,Northwest Territories including Nunavut,21.0,,
1946,Nova Scotia,4604.0,,
1946,Ontario,29604.0,,
1946,Prince Edward Island,586.0,,
1946,Quebec,9712.0,,
1946,Saskatchewan,4711.0,,
1946,Yukon,7.0,,
1947,Alberta,3261.0,,
1947,British Columbia,8599.0,,
1947,Manitoba,2747.0,,
1947,New Brunswick,1248.0,,
1947,Northwest Territories including Nunavut,33.0,,
1947,Nova Scotia,2294.0,,
1947,Ontario,35543.0,,
1947,Prince Edward Island,223.0,,
1947,Quebec,8272.0,,
1947,Saskatchewan,1901.0,,
1947,Yukon,6.0,,
1948,Alberta,9715.0,,
1948,British Columbia,11918.0,,
1948,Manitoba,7750.0,,
1948,New Brunswick,1476.0,,
1948,Northwest Territories including Nunavut,25.0,,
1948,Nova Scotia,2813.0,,
1948,Ontario,61621.0,,
1948,Prince Edward Island,269.0,,
1948,Quebec,24687.0,,
1948,Saskatchewan,5087.0,,
1948,Yukon,53.0,,
1949,Alberta,8519.0,,
1949,British Columbia,7874.0,,
1949,Manitoba,5721.0,,
1949,New Brunswick,782.0,,
1949,Newfoundland and Labrador,129.0,,
1949,Northwest Territories including Nunavut,28.0,,
1949,Nova Scotia,1626.0,,
1949,Ontario,48607.0,,
1949,Prince Edward Island,240.0,,
1949,Quebec,18005.0,,
1949,Saskatchewan,3664.0,,
1949,Yukon,22.0,,
1950,Alberta,6424.0,,
1950,British Columbia,6091.0,,
1950,Manitoba,3654.0,,
1950,New Brunswick,663.0,,
1950,Newfoundland and Labrador,204.0,,
1950,Northwest Territories including Nunavut,19.0,,
1950,Nova Scotia,1167.0,,
1950,Ontario,39041.0,,
1950,Prince Edward Island,164.0,,
1950,Quebec,13575.0,,
1950,Saskatchewan,2897.0,,
1950,Yukon,13.0,,
1951,Alberta,12238.0,,
1951,British Columbia,14394.0,,
1951,Manitoba,8749.0,,
1951,New Brunswick,1423.0,,
1951,Newfoundland and Labrador,259.0,,
1951,Northwest Territories including Nunavut,19.0,,
1951,Nova Scotia,2035.0,,
1951,Ontario,104842.0,,
1951,Prince Edward Island,211.0,,
1951,Quebec,46033.0,,
1951,Saskatchewan,4178.0,,
1951,Yukon,10.0,,
1952,Alberta,13050.0,,
1952,British Columbia,14967.0,,
1952,Manitoba,6635.0,,
1952,New Brunswick,1020.0,,
1952,Newfoundland and Labrador,503.0,,
1952,Northwest Territories including Nunavut,43.0,,
1952,Nova Scotia,2702.0,,
1952,Ontario,86059.0,,
1952,Prince Edward Island,306.0,,
1952,Quebec,35318.0,,
1952,Saskatchewan,3875.0,,
1952,Yukon,20.0,,
1953,Alberta,15227.0,,
1953,British Columbia,13118.0,,
1953,Manitoba,8191.0,,
1953,New Brunswick,1080.0,,
1953,Newfoundland and Labrador,502.0,,
1953,Northwest Territories including Nunavut,52.0,,
1953,Nova Scotia,2206.0,,
1953,Ontario,90120.0,,
1953,Prince Edward Island,261.0,,
1953,Quebec,34294.0,,
1953,Saskatchewan,3790.0,,
1953,Yukon,27.0,,
1954,Alberta,13294.0,,
1954,British Columbia,12197.0,,
1954,Manitoba,9219.0,,
1954,New Brunswick,1011.0,,
1954,Newfoundland and Labrador,524.0,,
1954,Northwest Territories including Nunavut,64.0,,
1954,Nova Scotia,2207.0,,
1954,Ontario,83029.0,,
1954,Prince Edward Island,107.0,,
1954,Quebec,28419.0,,
1954,Saskatchewan,4125.0,,
1954,Yukon,31.0,,
1955,Alberta,7843.0,,
1955,British Columbia,11570.0,,
1955,Manitoba,5062.0,,
1955,New Brunswick,659.0,,
1955,Newfoundland and Labrador,444.0,,
1955,Northwest Territories including Nunavut,46.0,,
1955,Nova Scotia,1841.0,,
1955,Ontario,57563.0,,
1955,Prince Edward Island,123.0,,
1955,Quebec,22117.0,,
1955,Saskatchewan,2654.0,,
1955,Yukon,24.0,,
1956,Alberta,10199.0,,
1956,British Columbia,18241.0,,
1956,Manitoba,5936.0,,
1956,New Brunswick,873.0,,
1956,Newfoundland and Labrador,436.0,,
1956,Northwest Territories including Nunavut,81.0,,
1956,Nova Scotia,1679.0,,
1956,Ontario,92849.0,,
1956,Prince Edward Island,115.0,,
1956,Quebec,32153.0,,
1956,Saskatchewan,2255.0,,
1956,Yukon,40.0,,
1957,Alberta,21131.0,,
1957,British Columbia,37528.0,,
1957,Manitoba,11614.0,,
1957,New Brunswick,1673.0,,
1957,Newfoundland and Labrador,495.0,,
1957,Northwest Territories including Nunavut,134.0,,
1957,Nova Scotia,2790.0,,
1957,Ontario,147097.0,,
1957,Prince Edward Island,134.0,,
1957,Quebec,55073.0,,
1957,Saskatchewan,4427.0,,
1957,Yukon,68.0,,
1958,Alberta,8429.0,,
1958,British Columbia,13400.0,,
1958,Manitoba,4732.0,,
1958,New Brunswick,1031.0,,
1958,Newfoundland and Labrador,373.0,,
1958,Northwest Territories including Nunavut,87.0,,
1958,Nova Scotia,1786.0,,
1958,Ontario,63853.0,,
1958,Prince Edward Island,78.0,,
1958,Quebec,28443.0,,
1958,Saskatchewan,2595.0,,
1958,Yukon,44.0,,
1959,Alberta,7423.0,,
1959,British Columbia,11000.0,,
1959,Manitoba,3610.0,,
1959,New Brunswick,640.0,,
1959,Newfoundland and Labrador,345.0,,
1959,Northwest Territories including Nunavut,83.0,,
1959,Nova Scotia,1087.0,,
1959,Ontario,55976.0,,
1959,Prince Edward Island,91.0,,
1959,Quebec,24816.0,,
1959,Saskatchewan,1815.0,,
1959,Yukon,42.0,,
1960,Alberta,6949.0,,
1960,British Columbia,10120.0,,
1960,Manitoba,4337.0,,
1960,New Brunswick,634.0,,
1960,Newfoundland and Labrador,306.0,,
1960,Northwest Territories including Nunavut,81.0,,
1960,Nova Scotia,1210.0,,
1960,Ontario,54491.0,,
1960,Prince Edward Island,83.0,,
1960,Quebec,23774.0,,
1960,Saskatchewan,2087.0,,
1960,Yukon,39.0,,
1961,Alberta,4823.0,,
1961,British Columbia,7326.0,,
1961,Manitoba,2527.0,,
1961,New Brunswick,770.0,,
1961,Newfoundland and Labrador,365.0,,
1961,Northwest Territories including Nunavut,87.0,,
1961,Nova Scotia,901.0,,
1961,Ontario,36518.0,,
1961,Prince Edward Island,69.0,,
1961,Quebec,16920.0,,
1961,Saskatchewan,1333.0,,
1961,Yukon,50.0,,
1962,Alberta,4745.0,,
1962,British Columbia,7441.0,,
1962,Manitoba,2410.0,,
1962,New Brunswick,944.0,,
1962,Newfoundland and Labrador,378.0,,
1962,Northwest Territories including Nunavut,59.0,,
1962,Nova Scotia,989.0,,
1962,Ontario,37210.0,,
1962,Prince Edward Island,77.0,,
1962,Quebec,19132.0,,
1962,Saskatchewan,1163.0,,
1962,Yukon,38.0,,
1963,Alberta,4731.0,,
1963,British Columbia,9254.0,,
1963,Manitoba,2792.0,,
1963,New Brunswick,769.0,,
1963,Newfoundland and Labrador,349.0,,
1963,Northwest Territories including Nunavut,36.0,,
1963,Nova Scotia,1198.0,,
1963,Ontario,49216.0,,
1963,Prince Edward Island,78.0,,
1963,Quebec,23264.0,,
1963,Saskatchewan,1438.0,,
1963,Yukon,26.0,,
1964,Alberta,5521.0,,
1964,British Columbia,12324.0,,
1964,Manitoba,3006.0,,
1964,New Brunswick,696.0,,
1964,Newfoundland and Labrador,445.0,,
1964,Northwest Territories including Nunavut,64.0,,
1964,Nova Scotia,1189.0,,
1964,Ontario,61468.0,,
1964,Prince Edward Island,79.0,,
1964,Quebec,25973.0,,
1964,Saskatchewan,1795.0,,
1964,Yukon,46.0,,
1965,Alberta,8049.0,,
1965,British Columbia,18502.0,,
1965,Manitoba,3948.0,,
1965,New Brunswick,1074.0,,
1965,Newfoundland and Labrador,604.0,,
1965,Northwest Territories including Nunavut,80.0,,
1965,Nova Scotia,1612.0,,
1965,Ontario,79702.0,,
1965,Prince Edward Island,137.0,,
1965,Quebec,30346.0,,
1965,Saskatchewan,2649.0,,
1965,Yukon,55.0,,
1966,Alberta,10078.0,,
1966,British Columbia,24746.0,,
1966,Manitoba,5132.0,,
1966,New Brunswick,1283.0,,
1966,Newfoundland and Labrador,805.0,,
1966,Northwest Territories including Nunavut,142.0,,
1966,Nova Scotia,2084.0,,
1966,Ontario,107621.0,,
1966,Prince Edward Island,141.0,,
1966,Quebec,39198.0,,
1966,Saskatchewan,3440.0,,
1966,Yukon,73.0,,
1967,Alberta,15004.0,,
1967,British Columbia,27215.0,,
1967,Manitoba,9313.0,,
1967,New Brunswick,1322.0,,
1967,Newfoundland and Labrador,984.0,,
1967,Northwest Territories including Nunavut,109.0,,
1967,Nova Scotia,2406.0,,
1967,Ontario,116850.0,,
1967,Prince Edward Island,147.0,,
1967,Quebec,45717.0,,
1967,Saskatchewan,3754.0,,
1967,Yukon,55.0,,
1968,Alberta,13203.0,,
1968,British Columbia,22496.0,,
1968,Manitoba,8723.0,,
1968,New Brunswick,1025.0,,
1968,Newfoundland and Labrador,1006.0,,
1968,Northwest Territories including Nunavut,130.0,,
1968,Nova Scotia,1957.0,,
1968,Ontario,96155.0,,
1968,Prince Edward Island,176.0,,
1968,Quebec,35481.0,,
1968,Saskatchewan,3557.0,,
1968,Yukon,65.0,,
1969,Alberta,11274.0,,
1969,British Columbia,21953.0,,
1969,Manitoba,6380.0,,
1969,New Brunswick,1239.0,,
1969,Newfoundland and Labrador,832.0,,
1969,Northwest Territories including Nunavut,129.0,,
1969,Nova Scotia,2167.0,,
1969,Ontario,86588.0,,
1969,Prince Edward Island,182.0,,
1969,Quebec,28230.0,,
1969,Saskatchewan,2492.0,,
1969,Yukon,65.0,,
1970,Alberta,10405.0,,
1970,British Columbia,21683.0,,
1970,Manitoba,5826.0,,
1970,New Brunswick,1070.0,,
1970,Newfoundland and Labrador,630.0,,
1970,Northwest Territories including Nunavut,128.0,,
1970,Nova Scotia,2007.0,,
1970,Ontario,80732.0,,
1970,Prince Edward Island,185.0,,
1970,Quebec,23261.0,,
1970,Saskatchewan,1709.0,,
1970,Yukon,77.0,,
1971,Alberta,8653.0,1822.0,-255.0
1971,British Columbia,18917.0,1964.0,229.0
1971,Manitoba,5301.0,532.0,-102.0
1971,New Brunswick,1038.0,240.0,55.0
1971,Newfoundland and Labrador,819.0,97.0,-29.0
1971,Northwest Territories including Nunavut,124.0,6.0,-19.0
1971,Nova Scotia,1812.0,134.0,56.0
1971,Ontario,64357.0,7093.0,-923.0
1971,Prince Edward Island,172.0,24.0,-5.0
1971,Quebec,19222.0,2463.0,423.0
1971,Saskatchewan,1426.0,254.0,-131.0
1971,Yukon,59.0,22.0,-37.0
1972,Alberta,8390.0,3272.0,255.0
1972,British Columbia,20107.0,3542.0,293.0
1972,Manitoba,5262.0,945.0,79.0
1972,New Brunswick,1301.0,431.0,46.0
1972,Newfoundland and Labrador,686.0,172.0,32.0
1972,Northwest Territories including Nunavut,189.0,12.0,-1.0
1972,Nova Scotia,1872.0,238.0,37.0
1972,Ontario,63805.0,12653.0,1469.0
1972,Prince Edward Island,175.0,40.0,3.0
1972,Quebec,18592.0,4384.0,713.0
1972,Saskatchewan,1511.0,447.0,46.0
1972,Yukon,116.0,39.0,3.0
1973,Alberta,11904.0,5093.0,656.0
1973,British Columbia,27949.0,5510.0,800.0
1973,Manitoba,6621.0,1481.0,229.0
1973,New Brunswick,1729.0,676.0,100.0
1973,Newfoundland and Labrador,984.0,271.0,71.0
1973,Northwest Territories including Nunavut,178.0,20.0,1.0
1973,Nova Scotia,2548.0,373.0,135.0
1973,Ontario,103187.0,19597.0,4096.0
1973,Prince Edward Island,273.0,67.0,4.0
1973,Quebec,26871.0,6856.0,1708.0
1973,Saskatchewan,1866.0,708.0,124.0
1973,Yukon,90.0,62.0,4.0
1974,Alberta,14289.0,5271.0,-143.0
1974,British Columbia,34481.0,5749.0,-219.0
1974,Manitoba,7423.0,1530.0,-74.0
1974,New Brunswick,2207.0,697.0,-6.0
1974,Newfoundland and Labrador,1036.0,275.0,-4.0
1974,Northwest Territories including Nunavut,200.0,23.0,-4.0
1974,Nova Scotia,2601.0,386.0,-64.0
1974,Ontario,120115.0,20198.0,-1179.0
1974,Prince Edward Island,311.0,67.0,1.0
1974,Quebec,33458.0,7039.0,-255.0
1974,Saskatchewan,2244.0,727.0,-30.0
1974,Yukon,100.0,58.0,0.0
1975,Alberta,16277.0,4397.0,660.0
1975,British Columbia,29272.0,4726.0,796.0
1975,Manitoba,7134.0,1231.0,225.0
1975,New Brunswick,2093.0,572.0,104.0
1975,Newfoundland and Labrador,1106.0,225.0,74.0
1975,Northwest Territories including Nunavut,193.0,18.0,0.0
1975,Nova Scotia,2124.0,311.0,129.0
1975,Ontario,98471.0,16422.0,4068.0
1975,Prince Edward Island,235.0,53.0,6.0
1975,Quebec,28042.0,5688.0,1740.0
1975,Saskatchewan,2837.0,589.0,124.0
1975,Yukon,97.0,48.0,5.0
1976,Alberta,14896.0,3758.0,-222.0
1976,British Columbia,20484.0,3876.0,-320.0
1976,Manitoba,5509.0,1006.0,-104.0
1976,New Brunswick,1752.0,475.0,-18.0
1976,Newfoundland and Labrador,725.0,188.0,-13.0
1976,Northwest Territories including Nunavut,177.0,13.0,-5.0
1976,Nova Scotia,1942.0,257.0,-84.0
1976,Ontario,72031.0,13479.0,-1703.0
1976,Prince Edward Island,235.0,43.0,-1.0
1976,Quebec,29282.0,4666.0,-453.0
1976,Saskatchewan,2323.0,491.0,-46.0
1976,Yukon,73.0,40.0,0.0
1977,Alberta,12694.0,3991.0,-143.0
1977,British Columbia,15395.0,3954.0,-217.0
1977,Manitoba,5058.0,1029.0,-73.0
1977,New Brunswick,1158.0,485.0,-6.0
1977,Newfoundland and Labrador,583.0,190.0,-5.0
1977,Northwest Territories including Nunavut,122.0,14.0,-5.0
1977,Nova Scotia,1587.0,259.0,-65.0
1977,Ontario,56594.0,13803.0,-1177.0
1977,Prince Edward Island,192.0,44.0,0.0
1977,Quebec,19248.0,4781.0,-260.0
1977,Saskatchewan,2231.0,514.0,-31.0
1977,Yukon,52.0,42.0,0.0
1978,Alberta,9826.0,4448.0,-224.0
1978,British Columbia,12331.0,4315.0,-317.0
1978,Manitoba,3574.0,1113.0,-102.0
1978,New Brunswick,661.0,524.0,-19.0
1978,Newfoundland and Labrador,374.0,202.0,-14.0
1978,Northwest Territories including Nunavut,114.0,17.0,-5.0
1978,Nova Scotia,980.0,281.0,-82.0
1978,Ontario,42397.0,14976.0,-1690.0
1978,Prince Edward Island,145.0,46.0,0.0
1978,Quebec,14290.0,5165.0,-471.0
1978,Saskatchewan,1564.0,558.0,-46.0
1978,Yukon,57.0,47.0,0.0
1979,Alberta,12786.0,3560.0,665.0
1979,British Columbia,16596.0,3375.0,791.0
1979,Manitoba,4906.0,837.0,220.0
1979,New Brunswick,1145.0,401.0,109.0
1979,Newfoundland and Labrador,553.0,153.0,78.0
1979,Northwest Territories including Nunavut,139.0,13.0,-1.0
1979,Nova Scotia,1338.0,214.0,121.0
1979,Ontario,51979.0,11484.0,4024.0
1979,Prince Edward Island,289.0,35.0,6.0
1979,Quebec,19534.0,3956.0,1788.0
1979,Saskatchewan,2762.0,431.0,124.0
1979,Yukon,69.0,33.0,5.0
1980,Alberta,18889.0,2700.0,1237.0
1980,British Columbia,24503.0,2472.0,1491.0
1980,Manitoba,7713.0,598.0,423.0
1980,New Brunswick,1214.0,270.0,194.0
1980,Newfoundland and Labrador,541.0,107.0,138.0
1980,Northwest Territories including Nunavut,102.0,10.0,1.0
1980,Nova Scotia,1631.0,148.0,243.0
1980,Ontario,62386.0,8233.0,7625.0
1980,Prince Edward Island,190.0,29.0,10.0
1980,Quebec,22591.0,2731.0,3265.0
1980,Saskatchewan,3650.0,298.0,233.0
1980,Yukon,88.0,27.0,9.0
1981,Alberta,19369.0,4120.0,2473.0
1981,British Columbia,22102.0,3227.0,3268.0
1981,Manitoba,5378.0,974.0,739.0
1981,New Brunswick,992.0,607.0,391.0
1981,Newfoundland and Labrador,483.0,186.0,51.0
1981,Northwest Territories including Nunavut,82.0,9.0,43.0
1981,Nova Scotia,1408.0,286.0,590.0
1981,Ontario,55087.0,10984.0,17549.0
1981,Prince Edward Island,126.0,35.0,37.0
1981,Quebec,21213.0,3642.0,4805.0
1981,Saskatchewan,2435.0,489.0,302.0
1981,Yukon,119.0,45.0,33.0
1982,Alberta,17970.0,5090.0,-425.0
1982,British Columbia,19024.0,4200.0,-649.0
1982,Manitoba,4941.0,918.0,155.0
1982,New Brunswick,751.0,619.0,-196.0
1982,Newfoundland and Labrador,406.0,249.0,128.0
1982,Northwest Territories including Nunavut,111.0,47.0,28.0
1982,Nova Scotia,1254.0,250.0,170.0
1982,Ontario,53115.0,14290.0,-86.0
1982,Prince Edward Island,165.0,35.0,-37.0
1982,Quebec,21387.0,4715.0,-2753.0
1982,Saskatchewan,2138.0,586.0,-27.0
1982,Yukon,69.0,55.0,-35.0
1983,Alberta,10725.0,5157.0,0.0
1983,British Columbia,14483.0,4389.0,545.0
1983,Manitoba,3987.0,1103.0,423.0
1983,New Brunswick,554.0,429.0,-39.0
1983,Newfoundland and Labrador,276.0,301.0,-197.0
1983,Northwest Territories including Nunavut,59.0,24.0,-14.0
1983,Nova Scotia,833.0,272.0,223.0
1983,Ontario,40121.0,14285.0,1729.0
1983,Prince Edward Island,107.0,63.0,12.0
1983,Quebec,16416.0,5098.0,1598.0
1983,Saskatchewan,1743.0,648.0,98.0
1983,Yukon,73.0,34.0,-9.0
1984,Alberta,10740.0,4403.0,221.0
1984,British Columbia,13231.0,4920.0,363.0
1984,Manitoba,3908.0,729.0,-173.0
1984,New Brunswick,601.0,425.0,-108.0
1984,Newfoundland and Labrador,299.0,254.0,96.0
1984,Northwest Territories including Nunavut,75.0,26.0,-8.0
1984,Nova Scotia,1035.0,217.0,27.0
1984,Ontario,41700.0,12875.0,-1551.0
1984,Prince Edward Island,109.0,48.0,-17.0
1984,Quebec,14698.0,4563.0,604.0
1984,Saskatchewan,2162.0,582.0,192.0
1984,Yukon,41.0,22.0,5.0
1985,Alberta,8989.0,4163.0,1248.0
1985,British Columbia,12256.0,4657.0,1775.0
1985,Manitoba,3412.0,846.0,-127.0
1985,New Brunswick,607.0,510.0,-26.0
1985,Newfoundland and Labrador,323.0,223.0,30.0
1985,Northwest Territories including Nunavut,71.0,53.0,-4.0
1985,Nova Scotia,973.0,264.0,-240.0
1985,Ontario,40774.0,11752.0,3445.0
1985,Prince Edward Island,113.0,43.0,0.0
1985,Quebec,14885.0,3522.0,4575.0
1985,Saskatchewan,1899.0,811.0,273.0
1985,Yukon,37.0,20.0,32.0
1986,Alberta,9673.0,4492.0,2459.0
1986,British Columbia,12556.0,4763.0,4497.0
1986,Manitoba,3749.0,1131.0,170.0
1986,New Brunswick,641.0,638.0,145.0
1986,Newfoundland and Labrador,274.0,317.0,179.0
1986,Northwest Territories including Nunavut,67.0,45.0,2.0
1986,Nova Scotia,1093.0,321.0,24.0
1986,Ontario,49735.0,13628.0,24706.0
1986,Prince Edward Island,168.0,38.0,62.0
1986,Quebec,19476.0,4298.0,13949.0
1986,Saskatchewan,1861.0,537.0,366.0
1986,Yukon,50.0,24.0,-22.0
1987,Alberta,11974.0,4675.0,4622.0
1987,British Columbia,18898.0,3668.0,5848.0
1987,Manitoba,4782.0,1281.0,80.0
1987,New Brunswick,641.0,565.0,146.0
1987,Newfoundland and Labrador,455.0,242.0,260.0
1987,Northwest Territories including Nunavut,72.0,52.0,4.0
1987,Nova Scotia,1225.0,361.0,295.0
1987,Ontario,84781.0,13243.0,22153.0
1987,Prince Edward Island,159.0,20.0,26.0
1987,Quebec,26846.0,4010.0,7090.0
1987,Saskatchewan,2118.0,706.0,360.0
1987,Yukon,80.0,42.0,15.0
1988,Alberta,14007.0,4123.0,4693.0
1988,British Columbia,23131.0,2902.0,8475.0
1988,Manitoba,4998.0,1126.0,666.0
1988,New Brunswick,675.0,557.0,607.0
1988,Newfoundland and Labrador,410.0,161.0,305.0
1988,Northwest Territories including Nunavut,75.0,28.0,69.0
1988,Nova Scotia,1298.0,275.0,804.0
1988,Ontario,88930.0,11185.0,69968.0
1988,Prince Edward Island,152.0,47.0,25.0
1988,Quebec,25588.0,3506.0,22904.0
1988,Saskatchewan,2201.0,600.0,402.0
1988,Yukon,69.0,24.0,-1.0
1989,Alberta,16173.0,4132.0,1880.0
1989,British Columbia,25292.0,3236.0,8986.0
1989,Manitoba,6122.0,1455.0,235.0
1989,New Brunswick,902.0,601.0,75.0
1989,Newfoundland and Labrador,466.0,135.0,364.0
1989,Northwest Territories including Nunavut,100.0,75.0,22.0
1989,Nova Scotia,1474.0,332.0,720.0
1989,Ontario,104638.0,12075.0,47620.0
1989,Prince Edward Island,158.0,46.0,32.0
1989,Quebec,33946.0,3909.0,7172.0
1989,Saskatchewan,2143.0,683.0,220.0
1989,Yukon,102.0,27.0,30.0
1990,Alberta,19087.0,4043.0,-399.0
1990,British Columbia,29140.0,3347.0,2792.0
1990,Manitoba,6669.0,1135.0,150.0
1990,New Brunswick,855.0,596.0,-103.0
1990,Newfoundland and Labrador,553.0,122.0,-50.0
1990,Northwest Territories including Nunavut,84.0,68.0,73.0
1990,Nova Scotia,1572.0,465.0,-151.0
1990,Ontario,114770.0,10997.0,-5993.0
1990,Prince Edward Island,176.0,12.0,-4.0
1990,Quebec,41043.0,3593.0,-7377.0
1990,Saskatchewan,2385.0,598.0,111.0
1990,Yukon,90.0,35.0,0.0
1991,Alberta,17061.0,7122.0,-5532.0
1991,British Columbia,32382.0,5684.0,-5424.0
1991,Manitoba,5661.0,1632.0,-290.0
1991,New Brunswick,689.0,648.0,-112.0
1991,Newfoundland and Labrador,639.0,263.0,1024.0
1991,Northwest Territories,64.0,20.0,-18.0
1991,Northwest Territories including Nunavut,56.0,22.0,8.0
1991,Nova Scotia,1500.0,794.0,-654.0
1991,Nunavut,6.0,6.0,-3.0
1991,Ontario,120075.0,19573.0,-29824.0
1991,Prince Edward Island,151.0,85.0,-20.0
1991,Quebec,51947.0,6667.0,-13374.0
1991,Saskatchewan,2458.0,818.0,-475.0
1991,Yukon,87.0,62.0,33.0
1992,Alberta,17798.0,7242.0,-1556.0
1992,British Columbia,37037.0,6841.0,-719.0
1992,Manitoba,5101.0,1874.0,-392.0
1992,New Brunswick,756.0,813.0,-167.0
1992,Newfoundland and Labrador,789.0,231.0,2093.0
1992,Northwest Territories,94.0,48.0,-66.0
1992,Nova Scotia,2362.0,752.0,-192.0
1992,Nunavut,19.0,20.0,-12.0
1992,Ontario,139247.0,21891.0,-27161.0
1992,Prince Edward Island,151.0,77.0,14.0
1992,Quebec,48838.0,7799.0,-3617.0
1992,Saskatchewan,2529.0,1059.0,-138.0
1992,Yukon,135.0,74.0,-20.0
1993,Alberta,18578.0,6695.0,-3727.0
1993,British Columbia,45969.0,6873.0,-4417.0
1993,Manitoba,4860.0,1710.0,-424.0
1993,New Brunswick,708.0,564.0,-112.0
1993,Newfoundland and Labrador,803.0,192.0,-1626.0
1993,Northwest Territories,139.0,44.0,-23.0
1993,Nova Scotia,3022.0,646.0,-245.0
1993,Nunavut,36.0,15.0,-3.0
1993,Ontario,134996.0,24787.0,-42617.0
1993,Prince Edward Island,163.0,51.0,31.0
1993,Quebec,44977.0,7983.0,-9803.0
1993,Saskatchewan,2398.0,1054.0,-283.0
1993,Yukon,105.0,43.0,-43.0
1994,Alberta,18021.0,7031.0,-1838.0
1994,British Columbia,49146.0,6642.0,163.0
1994,Manitoba,4137.0,1740.0,-230.0
1994,New Brunswick,627.0,542.0,-208.0
1994,Newfoundland and Labrador,565.0,248.0,-1158.0
1994,Northwest Territories,135.0,30.0,-35.0
1994,Nova Scotia,3471.0,882.0,-408.0
1994,Nunavut,24.0,3.0,-7.0
1994,Ontario,117635.0,27892.0,-12204.0
1994,Prince Edward Island,162.0,67.0,13.0
1994,Quebec,28094.0,9527.0,-342.0
1994,Saskatchewan,2260.0,1051.0,-238.0
1994,Yukon,118.0,27.0,-8.0
1995,Alberta,14360.0,6280.0,707.0
1995,British Columbia,44603.0,6075.0,5116.0
1995,Manitoba,3605.0,1422.0,-127.0
1995,New Brunswick,644.0,420.0,-11.0
1995,Newfoundland and Labrador,575.0,218.0,-789.0
1995,Northwest Territories,108.0,42.0,4.0
1995,Nova Scotia,3589.0,921.0,-74.0
1995,Nunavut,10.0,5.0,0.0
1995,Ontario,115944.0,25691.0,-10231.0
1995,Prince Edward Island,166.0,46.0,66.0
1995,Quebec,27228.0,9028.0,5279.0
1995,Saskatchewan,1949.0,1043.0,206.0
1995,Yukon,94.0,61.0,23.0
1996,Alberta,13889.0,5797.0,1056.0
1996,British Columbia,52025.0,7598.0,3190.0
1996,Manitoba,3928.0,1401.0,-255.0
1996,New Brunswick,718.0,222.0,-111.0
1996,Newfoundland and Labrador,585.0,186.0,-411.0
1996,Northwest Territories,87.0,41.0,30.0
1996,Nova Scotia,3225.0,765.0,-41.0
1996,Nunavut,12.0,15.0,6.0
1996,Ontario,119719.0,23862.0,-12233.0
1996,Prince Edward Island,154.0,19.0,77.0
1996,Quebec,29806.0,8871.0,-1142.0
1996,Saskatchewan,1819.0,1031.0,164.0
1996,Yukon,94.0,33.0,3.0
1997,Alberta,12833.0,7385.0,1704.0
1997,British Columbia,47848.0,11447.0,1917.0
1997,Manitoba,3715.0,1834.0,258.0
1997,New Brunswick,663.0,406.0,129.0
1997,Newfoundland and Labrador,418.0,300.0,-83.0
1997,Northwest Territories,82.0,47.0,17.0
1997,Nova Scotia,2837.0,942.0,271.0
1997,Nunavut,18.0,26.0,5.0
1997,Ontario,117716.0,27917.0,-2040.0
1997,Prince Edward Island,145.0,59.0,-106.0
1997,Quebec,27934.0,11166.0,-1566.0
1997,Saskatchewan,1737.0,1212.0,299.0
1997,Yukon,88.0,62.0,-14.0
1998,Alberta,11198.0,6260.0,922.0
1998,British Columbia,35990.0,11499.0,-111.0
1998,Manitoba,3004.0,1574.0,-10.0
1998,New Brunswick,729.0,405.0,105.0
1998,Newfoundland and Labrador,401.0,236.0,62.0
1998,Northwest Territories,53.0,51.0,33.0
1998,Nova Scotia,2056.0,935.0,318.0
1998,Nunavut,11.0,26.0,5.0
1998,Ontario,92346.0,25180.0,-1286.0
1998,Prince Edward Island,136.0,95.0,29.0
1998,Quebec,26626.0,10299.0,694.0
1998,Saskatchewan,1572.0,1221.0,142.0
1998,Yukon,62.0,61.0,18.0
1999,Alberta,12089.0,5471.0,1483.0
1999,British Columbia,36106.0,12050.0,4588.0
1999,Manitoba,3725.0,1144.0,626.0
1999,New Brunswick,662.0,495.0,506.0
1999,Newfoundland and Labrador,423.0,285.0,394.0
1999,Northwest Territories,57.0,35.0,23.0
1999,Nova Scotia,1609.0,852.0,609.0
1999,Nunavut,14.0,22.0,-15.0
1999,Ontario,104165.0,23509.0,10892.0
1999,Prince Edward Island,137.0,93.0,110.0
1999,Quebec,29179.0,9176.0,2692.0
1999,Saskatchewan,1726.0,1204.0,522.0
1999,Yukon,79.0,51.0,1.0
2000,Alberta,14349.0,6505.0,1771.0
2000,British Columbia,37413.0,12752.0,4605.0
2000,Manitoba,4647.0,1130.0,294.0
2000,New Brunswick,761.0,666.0,242.0
2000,Newfoundland and Labrador,417.0,337.0,79.0
2000,Northwest Territories,82.0,36.0,53.0
2000,Nova Scotia,1605.0,1032.0,256.0
2000,Nunavut,12.0,21.0,4.0
2000,Ontario,133502.0,23843.0,18148.0
2000,Prince Edward Island,188.0,81.0,-25.0
2000,Quebec,32502.0,9306.0,2885.0
2000,Saskatchewan,1891.0,1357.0,119.0
2000,Yukon,60.0,43.0,2.0
2001,Alberta,16406.0,6343.0,4513.0
2001,British Columbia,38484.0,13945.0,9626.0
2001,Manitoba,4592.0,1340.0,658.0
2001,New Brunswick,798.0,857.0,438.0
2001,Newfoundland and Labrador,392.0,465.0,-56.0
2001,Northwest Territories,95.0,36.0,53.0
2001,Nova Scotia,1698.0,1285.0,994.0
2001,Nunavut,13.0,29.0,9.0
2001,Ontario,148654.0,25234.0,25971.0
2001,Prince Edward Island,134.0,98.0,13.0
2001,Quebec,37604.0,8525.0,4644.0
2001,Saskatchewan,1703.0,1182.0,443.0
2001,Yukon,65.0,52.0,-20.0
2002,Alberta,14782.0,3978.0,1883.0
2002,British Columbia,34057.0,11818.0,6336.0
2002,Manitoba,4615.0,959.0,761.0
2002,New Brunswick,705.0,533.0,452.0
2002,Newfoundland and Labrador,404.0,396.0,252.0
2002,Northwest Territories,60.0,38.0,-24.0
2002,Nova Scotia,1419.0,990.0,760.0
2002,Nunavut,12.0,28.0,10.0
2002,Ontario,133590.0,20599.0,16327.0
2002,Prince Edward Island,107.0,86.0,18.0
2002,Quebec,37581.0,5512.0,1957.0
2002,Saskatchewan,1667.0,704.0,353.0
2002,Yukon,50.0,41.0,48.0
2003,Alberta,15837.0,4991.0,1935.0
2003,British Columbia,35233.0,12516.0,5045.0
2003,Manitoba,6503.0,1079.0,783.0
2003,New Brunswick,666.0,446.0,406.0
2003,Newfoundland and Labrador,359.0,365.0,100.0
2003,Northwest Territories,94.0,59.0,89.0
2003,Nova Scotia,1474.0,941.0,551.0
2003,Nunavut,9.0,27.0,1.0
2003,Ontario,119733.0,22829.0,13108.0
2003,Prince Edward Island,154.0,128.0,33.0
2003,Quebec,39560.0,5810.0,624.0
2003,Saskatchewan,1668.0,658.0,255.0
2003,Yukon,59.0,27.0,13.0
2004,Alberta,16480.0,4533.0,2220.0
2004,British Columbia,37030.0,13199.0,4188.0
2004,Manitoba,7427.0,1080.0,764.0
2004,New Brunswick,796.0,611.0,333.0
2004,Newfoundland and Labrador,579.0,451.0,-98.0
2004,Northwest Territories,89.0,68.0,15.0
2004,Nova Scotia,1774.0,1242.0,367.0
2004,Nunavut,8.0,28.0,11.0
2004,Ontario,125107.0,26163.0,5304.0
2004,Prince Edward Island,310.0,123.0,47.0
2004,Quebec,44252.0,7059.0,809.0
2004,Saskatchewan,1945.0,500.0,243.0
2004,Yukon,62.0,28.0,22.0
2005,Alberta,19407.0,4014.0,3143.0
2005,British Columbia,44770.0,10976.0,4600.0
2005,Manitoba,8097.0,1679.0,569.0
2005,New Brunswick,1091.0,775.0,181.0
2005,Newfoundland and Labrador,497.0,495.0,105.0
2005,Northwest Territories,84.0,59.0,-11.0
2005,Nova Scotia,1929.0,1120.0,188.0
2005,Nunavut,12.0,32.0,6.0
2005,Ontario,140530.0,25706.0,-5135.0
2005,Prince Edward Island,330.0,94.0,11.0
2005,Quebec,43315.0,6892.0,-938.0
2005,Saskatchewan,2119.0,563.0,440.0
2005,Yukon,65.0,31.0,0.0
2006,Alberta,20717.0,3458.0,7541.0
2006,British Columbia,42096.0,11419.0,4004.0
2006,Manitoba,10049.0,1279.0,567.0
2006,New Brunswick,1646.0,433.0,95.0
2006,Newfoundland and Labrador,508.0,295.0,182.0
2006,Northwest Territories,98.0,66.0,-9.0
2006,Nova Scotia,2586.0,746.0,209.0
2006,Nunavut,12.0,32.0,1.0
2006,Ontario,125899.0,24231.0,-537.0
2006,Prince Edward Island,565.0,66.0,156.0
2006,Quebec,44682.0,5443.0,685.0
2006,Saskatchewan,2726.0,390.0,-175.0
2006,Yukon,65.0,32.0,22.0
2007,Alberta,20866.0,5306.0,17320.0
2007,British Columbia,38982.0,13221.0,9965.0
2007,Manitoba,10960.0,1036.0,1404.0
2007,New Brunswick,1643.0,304.0,344.0
2007,Newfoundland and Labrador,546.0,213.0,119.0
2007,Northwest Territories,88.0,84.0,-22.0
2007,Nova Scotia,2530.0,495.0,269.0
2007,Nunavut,19.0,18.0,6.0
2007,Ontario,111332.0,24245.0,8672.0
2007,Prince Edward Island,992.0,44.0,166.0
2007,Quebec,45206.0,6276.0,4896.0
2007,Saskatchewan,3516.0,177.0,782.0
2007,Yukon,83.0,36.0,37.0
2008,Alberta,24209.0,6484.0,23665.0
2008,British Columbia,44006.0,12143.0,17819.0
2008,Manitoba,11229.0,853.0,756.0
2008,New Brunswick,1856.0,267.0,702.0
2008,Newfoundland and Labrador,627.0,245.0,298.0
2008,Northwest Territories,127.0,84.0,63.0
2008,Nova Scotia,2651.0,525.0,972.0
2008,Nunavut,50.0,21.0,-29.0
2008,Ontario,110904.0,24470.0,15649.0
2008,Prince Edward Island,1454.0,39.0,169.0
2008,Quebec,45204.0,7226.0,9646.0
2008,Saskatchewan,4835.0,288.0,1856.0
2008,Yukon,110.0,33.0,103.0
2009,Alberta,27024.0,4876.0,8037.0
2009,British Columbia,41447.0,10946.0,16282.0
2009,Manitoba,13523.0,817.0,371.0
2009,New Brunswick,1914.0,258.0,316.0
2009,Newfoundland and Labrador,606.0,166.0,412.0
2009,Northwest Territories,107.0,45.0,-40.0
2009,Nova Scotia,2388.0,518.0,1376.0
2009,Nunavut,10.0,24.0,7.0
2009,Ontario,106876.0,17616.0,16111.0
2009,Prince Edward Island,1759.0,29.0,263.0
2009,Quebec,49500.0,5492.0,10848.0
2009,Saskatchewan,6890.0,324.0,1887.0
2009,Yukon,174.0,20.0,107.0
2010,Alberta,32657.0,4387.0,-9169.0
2010,British Columbia,44195.0,12111.0,643.0
2010,Manitoba,15814.0,913.0,-531.0
2010,New Brunswick,2125.0,173.0,313.0
2010,Newfoundland and Labrador,715.0,174.0,108.0
2010,Northwest Territories,137.0,48.0,-2.0
2010,Nova Scotia,2397.0,551.0,1718.0
2010,Nunavut,19.0,26.0,17.0
2010,Ontario,118124.0,17491.0,15065.0
2010,Prince Edward Island,2593.0,82.0,178.0
2010,Quebec,53998.0,6021.0,3303.0
2010,Saskatchewan,7615.0,191.0,216.0
2010,Yukon,350.0,19.0,68.0
2011,Alberta,30964.0,4981.0,1690.0
2011,British Columbia,34787.0,12754.0,12865.0
2011,Manitoba,15974.0,608.0,-137.0
2011,New Brunswick,1967.0,254.0,159.0
2011,Newfoundland and Labrador,685.0,219.0,580.0
2011,Northwest Territories,85.0,62.0,-11.0
2011,Nova Scotia,2136.0,868.0,1173.0
2011,Nunavut,24.0,31.0,3.0
2011,Ontario,99457.0,22764.0,21154.0
2011,Prince Edward Island,1739.0,78.0,184.0
2011,Quebec,51724.0,7756.0,3900.0
2011,Saskatchewan,8956.0,506.0,1326.0
2011,Yukon,237.0,51.0,-84.0
2012,Alberta,36092.0,4946.0,6231.0
2012,British Columbia,36235.0,12029.0,10687.0
2012,Manitoba,13331.0,419.0,1254.0
2012,New Brunswick,2212.0,218.0,249.0
2012,Newfoundland and Labrador,733.0,289.0,804.0
2012,Northwest Territories,165.0,52.0,5.0
2012,Nova Scotia,2336.0,755.0,923.0
2012,Nunavut,20.0,28.0,1.0
2012,Ontario,99121.0,23083.0,19769.0
2012,Prince Edward Island,1102.0,70.0,217.0
2012,Quebec,55024.0,7723.0,4068.0
2012,Saskatchewan,11175.0,746.0,2016.0
2012,Yukon,279.0,68.0,-17.0
2013,Alberta,36632.0,4264.0,18545.0
2013,British Columbia,36213.0,12715.0,11872.0
2013,Manitoba,13121.0,419.0,1415.0
2013,New Brunswick,2020.0,245.0,231.0
2013,Newfoundland and Labrador,833.0,286.0,730.0
2013,Northwest Territories,150.0,36.0,71.0
2013,Nova Scotia,2527.0,633.0,64.0
2013,Nunavut,11.0,31.0,4.0
2013,Ontario,103567.0,23717.0,15802.0
2013,Prince Edward Island,1000.0,47.0,22.0
2013,Quebec,51978.0,8266.0,1978.0
2013,Saskatchewan,10678.0,741.0,2283.0
2013,Yukon,316.0,50.0,-33.0
2014,Alberta,42523.0,5222.0,-3929.0
2014,British Columbia,35170.0,11977.0,8958.0
2014,Manitoba,16234.0,881.0,1283.0
2014,New Brunswick,2837.0,432.0,64.0
2014,Newfoundland and Labrador,899.0,258.0,134.0
2014,Northwest Territories,167.0,37.0,-60.0
2014,Nova Scotia,2670.0,719.0,177.0
2014,Nunavut,23.0,29.0,-3.0
2014,Ontario,95778.0,24883.0,6817.0
2014,Prince Edward Island,1630.0,107.0,156.0
2014,Quebec,50245.0,9566.0,3833.0
2014,Saskatchewan,11828.0,813.0,-433.0
2014,Yukon,304.0,32.0,-27.0
2015,Alberta,47234.0,5700.0,-15067.0
2015,British Columbia,35731.0,11893.0,-20411.0
2015,Manitoba,14898.0,967.0,5239.0
2015,New Brunswick,2578.0,433.0,717.0
2015,Newfoundland and Labrador,1119.0,292.0,523.0
2015,Northwest Territories,211.0,40.0,27.0
2015,Nova Scotia,3420.0,706.0,2596.0
2015,Nunavut,37.0,30.0,40.0
2015,Ontario,103630.0,25464.0,11673.0
2015,Prince Edward Island,1190.0,117.0,846.0
2015,Quebec,49030.0,9866.0,3631.0
2015,Saskatchewan,12522.0,1000.0,828.0
2015,Yukon,267.0,58.0,28.0
2016,Alberta,49256.0,7467.0,-8314.0
2016,British Columbia,38089.0,12810.0,17875.0
2016,Manitoba,16828.0,1197.0,4722.0
2016,New Brunswick,4717.0,331.0,361.0
2016,Newfoundland and Labrador,1200.0,361.0,690.0
2016,Northwest Territories,183.0,40.0,55.0
2016,Nova Scotia,5511.0,710.0,1898.0
2016,Nunavut,36.0,-3.0,-61.0
2016,Ontario,109919.0,23820.0,56709.0
2016,Prince Edward Island,2313.0,139.0,651.0
2016,Quebec,53242.0,8956.0,12840.0
2016,Saskatchewan,14880.0,842.0,1117.0
2016,Yukon,211.0,102.0,179.0
2017,Alberta,42120.0,6707.0,-4318.0
2017,British Columbia,38465.0,12062.0,26840.0
2017,Manitoba,14639.0,1439.0,5913.0
2017,New Brunswick,3660.0,282.0,523.0
2017,Newfoundland and Labrador,1183.0,154.0,138.0
2017,Northwest Territories,238.0,18.0,28.0
2017,Nova Scotia,4516.0,680.0,1700.0
2017,Nunavut,40.0,-12.0,30.0
2017,Ontario,112041.0,15172.0,70232.0
2017,Prince Edward Island,2343.0,44.0,698.0
2017,Quebec,52381.0,6635.0,35932.0
2017,Saskatchewan,14686.0,580.0,66.0
2017,Yukon,225.0,71.0,252.0
2018,Alberta,42014.0,5141.0,-1561.0
2018,British Columbia,44854.0,10166.0,28027.0
2018,Manitoba,15225.0,885.0,4037.0
2018,New Brunswick,4609.0,290.0,1283.0
2018,Newfoundland and Labrador,1527.0,130.0,62.0
2018,Northwest Territories,279.0,-5.0,-105.0
2018,Nova Scotia,5983.0,731.0,3188.0
2018,Nunavut,28.0,0.0,-4.0
2018,Ontario,137469.0,14400.0,74787.0
2018,Prince Edward Island,2127.0,-11.0,1175.0
2018,Quebec,51124.0,5397.0,43573.0
2018,Saskatchewan,15508.0,744.0,338.0
2018,Yukon,307.0,47.0,117.0
2019,Alberta,43717.0,5235.0,6044.0
2019,British Columbia,50228.0,8349.0,28980.0
2019,Manitoba,18868.0,1024.0,221.0
2019,New Brunswick,6004.0,129.0,1503.0
2019,Newfoundland and Labrador,1857.0,147.0,588.0
2019,Northwest Territories,197.0,-2.0,41.0
2019,Nova Scotia,7595.0,335.0,3333.0
2019,Nunavut,40.0,0.0,35.0
2019,Ontario,153384.0,15396.0,82943.0
2019,Prince Edward Island,2447.0,15.0,1177.0
2019,Quebec,40566.0,4083.0,63631.0
2019,Saskatchewan,15871.0,1046.0,1211.0
2019,Yukon,400.0,34.0,74.0
2020,Alberta,22970.0,3258.0,-8547.0
2020,British Columbia,28482.0,4495.0,-27142.0
2020,Manitoba,8608.0,824.0,-1778.0
2020,New Brunswick,2888.0,-26.0,-219.0
2020,Newfoundland and Labrador,898.0,81.0,-1145.0
2020,Northwest Territories,124.0,-10.0,-59.0
2020,Nova Scotia,3521.0,28.0,-2371.0
2020,Nunavut,20.0,0.0,-19.0
2020,Ontario,82956.0,8070.0,-47042.0
2020,Prince Edward Island,1292.0,9.0,101.0
2020,Quebec,25233.0,1790.0,-6045.0
2020,Saskatchewan,7426.0,670.0,-1694.0
2020,Yukon,176.0,46.0,-106.0
2021,Alberta,39391.0,5607.0,1257.0
2021,British Columbia,69472.0,8434.0,12825.0
2021,Manitoba,16576.0,1001.0,2280.0
2021,New Brunswick,5315.0,233.0,3822.0
2021,Newfoundland and Labrador,2049.0,182.0,1308.0
2021,Northwest Territories,297.0,-12.0,-37.0
2021,Nova Scotia,9168.0,408.0,2495.0
2021,Nunavut,39.0,0.0,-1.0
2021,Ontario,199304.0,15558.0,41985.0
2021,Prince Edward Island,2613.0,39.0,588.0
2021,Quebec,50275.0,4837.0,9266.0
2021,Saskatchewan,10951.0,772.0,1263.0
2021,Yukon,596.0,72.0,1.0
2022,Alberta,49535.0,4892.0,40293.0
2022,British Columbia,61229.0,8577.0,89579.0
2022,Manitoba,21673.0,741.0,13767.0
2022,New Brunswick,10227.0,245.0,6933.0
2022,Newfoundland and Labrador,3495.0,148.0,3540.0
2022,Northwest Territories,233.0,-15.0,137.0
2022,Nova Scotia,12650.0,481.0,9640.0
2022,Nunavut,43.0,0.0,-8.0
2022,Ontario,185005.0,13944.0,232807.0
2022,Prince Edward Island,2668.0,25.0,1741.0
2022,Quebec,68721.0,5181.0,94016.0
2022,Saskatchewan,21679.0,761.0,7432.0
2022,Yukon,454.0,35.0,384.0
2023,Alberta,57581.0,5081.0,78370.0
2023,British Columbia,70827.0,8726.0,128141.0
2023,Manitoba,24909.0,732.0,21279.0
2023,New Brunswick,11449.0,248.0,11343.0
2023,Newfoundland and Labrador,5486.0,152.0,3193.0
2023,Northwest Territories,329.0,-14.0,267.0
2023,Nova Scotia,11807.0,491.0,14281.0
2023,Nunavut,57.0,0.0,71.0
2023,Ontario,206834.0,14454.0,360151.0
2023,Prince Edward Island,3618.0,30.0,1974.0
2023,Quebec,52811.0,5185.0,174171.0
2023,Saskatchewan,25173.0,782.0,11264.0
2023,Yukon,890.0,36.0,396.0
2024,Alberta,15388.0,1660.0,19165.0
2024,British Columbia,17760.0,2761.0,25272.0
2024,Manitoba,5692.0,216.0,3516.0
2024,New Brunswick,3999.0,90.0,-218.0
2024,Newfoundland and Labrador,1407.0,61.0,295.0
2024,Northwest Territories,116.0,-1.0,94.0
2024,Nova Scotia,3999.0,174.0,289.0
2024,Nunavut,9.0,0.0,12.0
2024,Ontario,52781.0,5783.0,45724.0
2024,Prince Edward Island,1330.0,24.0,-338.0
2024,Quebec,13369.0,1544.0,36966.0
2024,Saskatchewan,5611.0,288.0,1033.0
2024,Yukon,297.0,13.0,0.0
